Campaign,Ad Group,Max CPC,Ad Group Status
Search_Urgence-Reparation_Ardeche,Fuite toiture,4.00,Enabled
Search_Urgence-Reparation_Ardeche,Urgence couvreur,4.00,Enabled
Search_Urgence-Reparation_Ardeche,Tempete,3.50,Enabled
Search_Entretien-Toiture_Ardeche,Demoussage,2.00,Enabled
Search_Entretien-Toiture_Ardeche,Hydrofuge tuile,2.00,Enabled
Search_Entretien-Toiture_Ardeche,Gouttiere,2.00,Enabled
Search_Gros-Chantiers_Ardeche,Renovation toiture,3.00,Enabled
Search_Gros-Chantiers_Ardeche,Etancheite,2.50,Enabled
Search_Marque_Ardeche,Marque,0.50,Enabled
