Campaign,Ad Group,Keyword,Match Type,Max CPC,Status
Search_Urgence-Reparation_Ardeche,Fuite toiture,reparation fuite toiture,Exact,4.00,Enabled
Search_Urgence-Reparation_Ardeche,Fuite toiture,fuite toiture,Exact,4.00,Enabled
Search_Urgence-Reparation_Ardeche,Fuite toiture,fuite toit,Exact,4.00,Enabled
Search_Urgence-Reparation_Ardeche,Fuite toiture,recherche de fuite toiture,Exact,4.00,Enabled
Search_Urgence-Reparation_Ardeche,Fuite toiture,reparation fuite toiture,Phrase,4.00,Enabled
Search_Urgence-Reparation_Ardeche,Fuite toiture,fuite toiture ardeche,Phrase,4.00,Enabled
Search_Urgence-Reparation_Ardeche,Fuite toiture,toit qui fuit,Phrase,4.00,Enabled
Search_Urgence-Reparation_Ardeche,Fuite toiture,infiltration toiture,Phrase,4.00,Enabled
Search_Urgence-Reparation_Ardeche,Fuite toiture,reparer fuite toiture,Phrase,4.00,Enabled
Search_Urgence-Reparation_Ardeche,Fuite toiture,infiltration eau toiture,Phrase,4.00,Enabled
Search_Urgence-Reparation_Ardeche,Fuite toiture,fuite toiture maison,Phrase,4.00,Enabled
Search_Urgence-Reparation_Ardeche,Fuite toiture,fuite toiture aubenas,Phrase,4.00,Enabled
Search_Urgence-Reparation_Ardeche,Fuite toiture,fuite toiture privas,Phrase,4.00,Enabled
Search_Urgence-Reparation_Ardeche,Fuite toiture,fuite toiture montelimar,Phrase,4.00,Enabled
Search_Urgence-Reparation_Ardeche,Fuite toiture,fuite toiture le teil,Phrase,4.00,Enabled
Search_Urgence-Reparation_Ardeche,Fuite toiture,fuite toiture ales,Phrase,4.00,Enabled
Search_Urgence-Reparation_Ardeche,Fuite toiture,fuite toiture bagnols sur ceze,Phrase,4.00,Enabled
Search_Urgence-Reparation_Ardeche,Urgence couvreur,couvreur urgence,Exact,4.00,Enabled
Search_Urgence-Reparation_Ardeche,Urgence couvreur,depannage toiture,Exact,4.00,Enabled
Search_Urgence-Reparation_Ardeche,Urgence couvreur,couvreur urgence,Phrase,4.00,Enabled
Search_Urgence-Reparation_Ardeche,Urgence couvreur,couvreur urgence ardeche,Phrase,4.00,Enabled
Search_Urgence-Reparation_Ardeche,Urgence couvreur,depannage toiture,Phrase,4.00,Enabled
Search_Urgence-Reparation_Ardeche,Urgence couvreur,couvreur rapide,Phrase,4.00,Enabled
Search_Urgence-Reparation_Ardeche,Urgence couvreur,intervention toiture urgence,Phrase,4.00,Enabled
Search_Urgence-Reparation_Ardeche,Urgence couvreur,couvreur en urgence,Phrase,4.00,Enabled
Search_Urgence-Reparation_Ardeche,Urgence couvreur,couvreur urgence aubenas,Phrase,4.00,Enabled
Search_Urgence-Reparation_Ardeche,Urgence couvreur,couvreur urgence privas,Phrase,4.00,Enabled
Search_Urgence-Reparation_Ardeche,Urgence couvreur,couvreur urgence montelimar,Phrase,4.00,Enabled
Search_Urgence-Reparation_Ardeche,Urgence couvreur,couvreur urgence le teil,Phrase,4.00,Enabled
Search_Urgence-Reparation_Ardeche,Urgence couvreur,couvreur urgence ales,Phrase,4.00,Enabled
Search_Urgence-Reparation_Ardeche,Urgence couvreur,couvreur urgence bagnols sur ceze,Phrase,4.00,Enabled
Search_Urgence-Reparation_Ardeche,Tempete,reparation toiture tempete,Exact,3.50,Enabled
Search_Urgence-Reparation_Ardeche,Tempete,reparation toiture tempete,Phrase,3.50,Enabled
Search_Urgence-Reparation_Ardeche,Tempete,tuiles envolees,Phrase,3.50,Enabled
Search_Urgence-Reparation_Ardeche,Tempete,toiture endommagee tempete,Phrase,3.50,Enabled
Search_Urgence-Reparation_Ardeche,Tempete,bachage toiture,Phrase,3.50,Enabled
Search_Urgence-Reparation_Ardeche,Tempete,tuile cassee remplacement,Phrase,3.50,Enabled
Search_Urgence-Reparation_Ardeche,Tempete,degat des eaux toiture,Phrase,3.50,Enabled
Search_Entretien-Toiture_Ardeche,Demoussage,demoussage toiture,Exact,2.00,Enabled
Search_Entretien-Toiture_Ardeche,Demoussage,nettoyage toiture,Exact,2.00,Enabled
Search_Entretien-Toiture_Ardeche,Demoussage,demoussage toiture,Phrase,2.00,Enabled
Search_Entretien-Toiture_Ardeche,Demoussage,demousser toiture,Phrase,2.00,Enabled
Search_Entretien-Toiture_Ardeche,Demoussage,enlever mousse toit,Phrase,2.00,Enabled
Search_Entretien-Toiture_Ardeche,Demoussage,nettoyage toiture,Phrase,2.00,Enabled
Search_Entretien-Toiture_Ardeche,Demoussage,nettoyage toit,Phrase,2.00,Enabled
Search_Entretien-Toiture_Ardeche,Demoussage,traitement anti mousse toiture,Phrase,2.00,Enabled
Search_Entretien-Toiture_Ardeche,Demoussage,demoussage toit,Phrase,2.00,Enabled
Search_Entretien-Toiture_Ardeche,Demoussage,demoussage toiture aubenas,Phrase,2.00,Enabled
Search_Entretien-Toiture_Ardeche,Demoussage,demoussage toiture privas,Phrase,2.00,Enabled
Search_Entretien-Toiture_Ardeche,Demoussage,demoussage toiture montelimar,Phrase,2.00,Enabled
Search_Entretien-Toiture_Ardeche,Demoussage,demoussage toiture le teil,Phrase,2.00,Enabled
Search_Entretien-Toiture_Ardeche,Demoussage,demoussage toiture ales,Phrase,2.00,Enabled
Search_Entretien-Toiture_Ardeche,Demoussage,demoussage toiture bagnols sur ceze,Phrase,2.00,Enabled
Search_Entretien-Toiture_Ardeche,Hydrofuge tuile,hydrofuge toiture,Exact,2.00,Enabled
Search_Entretien-Toiture_Ardeche,Hydrofuge tuile,traitement tuiles,Exact,2.00,Enabled
Search_Entretien-Toiture_Ardeche,Hydrofuge tuile,hydrofuge toiture,Phrase,2.00,Enabled
Search_Entretien-Toiture_Ardeche,Hydrofuge tuile,traitement hydrofuge toit,Phrase,2.00,Enabled
Search_Entretien-Toiture_Ardeche,Hydrofuge tuile,hydrofuge colore tuiles,Phrase,2.00,Enabled
Search_Entretien-Toiture_Ardeche,Hydrofuge tuile,traitement tuiles,Phrase,2.00,Enabled
Search_Entretien-Toiture_Ardeche,Hydrofuge tuile,traitement toiture,Phrase,2.00,Enabled
Search_Entretien-Toiture_Ardeche,Hydrofuge tuile,hydrofuge tuiles,Phrase,2.00,Enabled
Search_Entretien-Toiture_Ardeche,Hydrofuge tuile,peinture toiture,Phrase,2.00,Enabled
Search_Entretien-Toiture_Ardeche,Gouttiere,reparation gouttiere,Exact,2.00,Enabled
Search_Entretien-Toiture_Ardeche,Gouttiere,pose gouttiere,Exact,2.00,Enabled
Search_Entretien-Toiture_Ardeche,Gouttiere,reparation gouttiere,Phrase,2.00,Enabled
Search_Entretien-Toiture_Ardeche,Gouttiere,gouttiere qui fuit,Phrase,2.00,Enabled
Search_Entretien-Toiture_Ardeche,Gouttiere,changer gouttiere,Phrase,2.00,Enabled
Search_Entretien-Toiture_Ardeche,Gouttiere,remplacement gouttiere,Phrase,2.00,Enabled
Search_Entretien-Toiture_Ardeche,Gouttiere,pose gouttiere,Phrase,2.00,Enabled
Search_Entretien-Toiture_Ardeche,Gouttiere,nettoyage gouttiere,Phrase,2.00,Enabled
Search_Entretien-Toiture_Ardeche,Gouttiere,zingueur,Phrase,2.00,Enabled
Search_Entretien-Toiture_Ardeche,Gouttiere,gouttiere zinc,Phrase,2.00,Enabled
Search_Entretien-Toiture_Ardeche,Gouttiere,reparation gouttiere aubenas,Phrase,2.00,Enabled
Search_Entretien-Toiture_Ardeche,Gouttiere,reparation gouttiere privas,Phrase,2.00,Enabled
Search_Entretien-Toiture_Ardeche,Gouttiere,reparation gouttiere montelimar,Phrase,2.00,Enabled
Search_Entretien-Toiture_Ardeche,Gouttiere,reparation gouttiere le teil,Phrase,2.00,Enabled
Search_Entretien-Toiture_Ardeche,Gouttiere,reparation gouttiere ales,Phrase,2.00,Enabled
Search_Entretien-Toiture_Ardeche,Gouttiere,reparation gouttiere bagnols sur ceze,Phrase,2.00,Enabled
Search_Gros-Chantiers_Ardeche,Renovation toiture,renovation toiture,Exact,3.00,Enabled
Search_Gros-Chantiers_Ardeche,Renovation toiture,refaire toiture,Exact,3.00,Enabled
Search_Gros-Chantiers_Ardeche,Renovation toiture,refection toiture,Exact,3.00,Enabled
Search_Gros-Chantiers_Ardeche,Renovation toiture,renovation toiture,Phrase,3.00,Enabled
Search_Gros-Chantiers_Ardeche,Renovation toiture,refaire sa toiture,Phrase,3.00,Enabled
Search_Gros-Chantiers_Ardeche,Renovation toiture,refection toiture,Phrase,3.00,Enabled
Search_Gros-Chantiers_Ardeche,Renovation toiture,changer toiture,Phrase,3.00,Enabled
Search_Gros-Chantiers_Ardeche,Renovation toiture,devis renovation toiture,Phrase,3.00,Enabled
Search_Gros-Chantiers_Ardeche,Renovation toiture,prix renovation toiture,Phrase,3.00,Enabled
Search_Gros-Chantiers_Ardeche,Renovation toiture,renover toiture,Phrase,3.00,Enabled
Search_Gros-Chantiers_Ardeche,Renovation toiture,couvreur renovation,Phrase,3.00,Enabled
Search_Gros-Chantiers_Ardeche,Renovation toiture,renovation toiture aubenas,Phrase,3.00,Enabled
Search_Gros-Chantiers_Ardeche,Renovation toiture,renovation toiture privas,Phrase,3.00,Enabled
Search_Gros-Chantiers_Ardeche,Renovation toiture,renovation toiture montelimar,Phrase,3.00,Enabled
Search_Gros-Chantiers_Ardeche,Renovation toiture,renovation toiture le teil,Phrase,3.00,Enabled
Search_Gros-Chantiers_Ardeche,Renovation toiture,renovation toiture ales,Phrase,3.00,Enabled
Search_Gros-Chantiers_Ardeche,Renovation toiture,renovation toiture bagnols sur ceze,Phrase,3.00,Enabled
Search_Gros-Chantiers_Ardeche,Etancheite,etancheite toiture,Exact,2.50,Enabled
Search_Gros-Chantiers_Ardeche,Etancheite,etancheite toit plat,Exact,2.50,Enabled
Search_Gros-Chantiers_Ardeche,Etancheite,etancheite toiture,Phrase,2.50,Enabled
Search_Gros-Chantiers_Ardeche,Etancheite,etancheite toit plat,Phrase,2.50,Enabled
Search_Gros-Chantiers_Ardeche,Etancheite,etancheite toit terrasse,Phrase,2.50,Enabled
Search_Gros-Chantiers_Ardeche,Etancheite,mise en etancheite toiture,Phrase,2.50,Enabled
Search_Gros-Chantiers_Ardeche,Etancheite,reparation etancheite toit,Phrase,2.50,Enabled
Search_Gros-Chantiers_Ardeche,Etancheite,infiltration toit terrasse,Phrase,2.50,Enabled
Search_Marque_Ardeche,Marque,debord renovation,Exact,0.50,Enabled
Search_Marque_Ardeche,Marque,renovation ardeche couvreur,Exact,0.50,Enabled
Search_Marque_Ardeche,Marque,debord renovation,Phrase,0.50,Enabled
Search_Marque_Ardeche,Marque,debord renovation ardeche,Phrase,0.50,Enabled
