Customer ID,Campaign,Ad Group,Max CPC,Keyword,Match Type,Ad Type,Headline 1,Headline 2,Headline 3,Headline 4,Headline 5,Headline 6,Headline 7,Headline 8,Headline 9,Headline 10,Headline 11,Headline 12,Headline 13,Headline 14,Headline 15,Description 1,Description 2,Description 3,Description 4,Final URL,Path 1,Path 2,Status
389-542-8764,Search_Urgence-Reparation_Ardeche,Fuite toiture,4.00,,,,,,,,,,,,,,,,,,,,,,,,,,Enabled
389-542-8764,Search_Urgence-Reparation_Ardeche,Urgence couvreur,4.00,,,,,,,,,,,,,,,,,,,,,,,,,,Enabled
389-542-8764,Search_Urgence-Reparation_Ardeche,Tempete,3.50,,,,,,,,,,,,,,,,,,,,,,,,,,Enabled
389-542-8764,Search_Entretien-Toiture_Ardeche,Demoussage,2.00,,,,,,,,,,,,,,,,,,,,,,,,,,Enabled
389-542-8764,Search_Entretien-Toiture_Ardeche,Hydrofuge tuile,2.00,,,,,,,,,,,,,,,,,,,,,,,,,,Enabled
389-542-8764,Search_Entretien-Toiture_Ardeche,Gouttiere,2.00,,,,,,,,,,,,,,,,,,,,,,,,,,Enabled
389-542-8764,Search_Gros-Chantiers_Ardeche,Renovation toiture,3.00,,,,,,,,,,,,,,,,,,,,,,,,,,Enabled
389-542-8764,Search_Gros-Chantiers_Ardeche,Etancheite,2.50,,,,,,,,,,,,,,,,,,,,,,,,,,Enabled
389-542-8764,Search_Marque_Ardeche,Marque,0.50,,,,,,,,,,,,,,,,,,,,,,,,,,Enabled
389-542-8764,Search_Urgence-Reparation_Ardeche,Fuite toiture,4.00,reparation fuite toiture,Exact,,,,,,,,,,,,,,,,,,,,,,,,Enabled
389-542-8764,Search_Urgence-Reparation_Ardeche,Fuite toiture,4.00,fuite toiture,Exact,,,,,,,,,,,,,,,,,,,,,,,,Enabled
389-542-8764,Search_Urgence-Reparation_Ardeche,Fuite toiture,4.00,fuite toit,Exact,,,,,,,,,,,,,,,,,,,,,,,,Enabled
389-542-8764,Search_Urgence-Reparation_Ardeche,Fuite toiture,4.00,recherche de fuite toiture,Exact,,,,,,,,,,,,,,,,,,,,,,,,Enabled
389-542-8764,Search_Urgence-Reparation_Ardeche,Fuite toiture,4.00,reparation fuite toiture,Phrase,,,,,,,,,,,,,,,,,,,,,,,,Enabled
389-542-8764,Search_Urgence-Reparation_Ardeche,Fuite toiture,4.00,fuite toiture ardeche,Phrase,,,,,,,,,,,,,,,,,,,,,,,,Enabled
389-542-8764,Search_Urgence-Reparation_Ardeche,Fuite toiture,4.00,toit qui fuit,Phrase,,,,,,,,,,,,,,,,,,,,,,,,Enabled
389-542-8764,Search_Urgence-Reparation_Ardeche,Fuite toiture,4.00,infiltration toiture,Phrase,,,,,,,,,,,,,,,,,,,,,,,,Enabled
389-542-8764,Search_Urgence-Reparation_Ardeche,Fuite toiture,4.00,reparer fuite toiture,Phrase,,,,,,,,,,,,,,,,,,,,,,,,Enabled
389-542-8764,Search_Urgence-Reparation_Ardeche,Fuite toiture,4.00,infiltration eau toiture,Phrase,,,,,,,,,,,,,,,,,,,,,,,,Enabled
389-542-8764,Search_Urgence-Reparation_Ardeche,Fuite toiture,4.00,fuite toiture maison,Phrase,,,,,,,,,,,,,,,,,,,,,,,,Enabled
389-542-8764,Search_Urgence-Reparation_Ardeche,Fuite toiture,4.00,fuite toiture aubenas,Phrase,,,,,,,,,,,,,,,,,,,,,,,,Enabled
389-542-8764,Search_Urgence-Reparation_Ardeche,Fuite toiture,4.00,fuite toiture privas,Phrase,,,,,,,,,,,,,,,,,,,,,,,,Enabled
389-542-8764,Search_Urgence-Reparation_Ardeche,Fuite toiture,4.00,fuite toiture montelimar,Phrase,,,,,,,,,,,,,,,,,,,,,,,,Enabled
389-542-8764,Search_Urgence-Reparation_Ardeche,Fuite toiture,4.00,fuite toiture le teil,Phrase,,,,,,,,,,,,,,,,,,,,,,,,Enabled
389-542-8764,Search_Urgence-Reparation_Ardeche,Fuite toiture,4.00,fuite toiture ales,Phrase,,,,,,,,,,,,,,,,,,,,,,,,Enabled
389-542-8764,Search_Urgence-Reparation_Ardeche,Fuite toiture,4.00,fuite toiture bagnols sur ceze,Phrase,,,,,,,,,,,,,,,,,,,,,,,,Enabled
389-542-8764,Search_Urgence-Reparation_Ardeche,Urgence couvreur,4.00,couvreur urgence,Exact,,,,,,,,,,,,,,,,,,,,,,,,Enabled
389-542-8764,Search_Urgence-Reparation_Ardeche,Urgence couvreur,4.00,depannage toiture,Exact,,,,,,,,,,,,,,,,,,,,,,,,Enabled
389-542-8764,Search_Urgence-Reparation_Ardeche,Urgence couvreur,4.00,couvreur urgence,Phrase,,,,,,,,,,,,,,,,,,,,,,,,Enabled
389-542-8764,Search_Urgence-Reparation_Ardeche,Urgence couvreur,4.00,couvreur urgence ardeche,Phrase,,,,,,,,,,,,,,,,,,,,,,,,Enabled
389-542-8764,Search_Urgence-Reparation_Ardeche,Urgence couvreur,4.00,depannage toiture,Phrase,,,,,,,,,,,,,,,,,,,,,,,,Enabled
389-542-8764,Search_Urgence-Reparation_Ardeche,Urgence couvreur,4.00,couvreur rapide,Phrase,,,,,,,,,,,,,,,,,,,,,,,,Enabled
389-542-8764,Search_Urgence-Reparation_Ardeche,Urgence couvreur,4.00,intervention toiture urgence,Phrase,,,,,,,,,,,,,,,,,,,,,,,,Enabled
389-542-8764,Search_Urgence-Reparation_Ardeche,Urgence couvreur,4.00,couvreur en urgence,Phrase,,,,,,,,,,,,,,,,,,,,,,,,Enabled
389-542-8764,Search_Urgence-Reparation_Ardeche,Urgence couvreur,4.00,couvreur urgence aubenas,Phrase,,,,,,,,,,,,,,,,,,,,,,,,Enabled
389-542-8764,Search_Urgence-Reparation_Ardeche,Urgence couvreur,4.00,couvreur urgence privas,Phrase,,,,,,,,,,,,,,,,,,,,,,,,Enabled
389-542-8764,Search_Urgence-Reparation_Ardeche,Urgence couvreur,4.00,couvreur urgence montelimar,Phrase,,,,,,,,,,,,,,,,,,,,,,,,Enabled
389-542-8764,Search_Urgence-Reparation_Ardeche,Urgence couvreur,4.00,couvreur urgence le teil,Phrase,,,,,,,,,,,,,,,,,,,,,,,,Enabled
389-542-8764,Search_Urgence-Reparation_Ardeche,Urgence couvreur,4.00,couvreur urgence ales,Phrase,,,,,,,,,,,,,,,,,,,,,,,,Enabled
389-542-8764,Search_Urgence-Reparation_Ardeche,Urgence couvreur,4.00,couvreur urgence bagnols sur ceze,Phrase,,,,,,,,,,,,,,,,,,,,,,,,Enabled
389-542-8764,Search_Urgence-Reparation_Ardeche,Tempete,3.50,reparation toiture tempete,Exact,,,,,,,,,,,,,,,,,,,,,,,,Enabled
389-542-8764,Search_Urgence-Reparation_Ardeche,Tempete,3.50,reparation toiture tempete,Phrase,,,,,,,,,,,,,,,,,,,,,,,,Enabled
389-542-8764,Search_Urgence-Reparation_Ardeche,Tempete,3.50,tuiles envolees,Phrase,,,,,,,,,,,,,,,,,,,,,,,,Enabled
389-542-8764,Search_Urgence-Reparation_Ardeche,Tempete,3.50,toiture endommagee tempete,Phrase,,,,,,,,,,,,,,,,,,,,,,,,Enabled
389-542-8764,Search_Urgence-Reparation_Ardeche,Tempete,3.50,bachage toiture,Phrase,,,,,,,,,,,,,,,,,,,,,,,,Enabled
389-542-8764,Search_Urgence-Reparation_Ardeche,Tempete,3.50,tuile cassee remplacement,Phrase,,,,,,,,,,,,,,,,,,,,,,,,Enabled
389-542-8764,Search_Urgence-Reparation_Ardeche,Tempete,3.50,degat des eaux toiture,Phrase,,,,,,,,,,,,,,,,,,,,,,,,Enabled
389-542-8764,Search_Entretien-Toiture_Ardeche,Demoussage,2.00,demoussage toiture,Exact,,,,,,,,,,,,,,,,,,,,,,,,Enabled
389-542-8764,Search_Entretien-Toiture_Ardeche,Demoussage,2.00,nettoyage toiture,Exact,,,,,,,,,,,,,,,,,,,,,,,,Enabled
389-542-8764,Search_Entretien-Toiture_Ardeche,Demoussage,2.00,demoussage toiture,Phrase,,,,,,,,,,,,,,,,,,,,,,,,Enabled
389-542-8764,Search_Entretien-Toiture_Ardeche,Demoussage,2.00,demousser toiture,Phrase,,,,,,,,,,,,,,,,,,,,,,,,Enabled
389-542-8764,Search_Entretien-Toiture_Ardeche,Demoussage,2.00,enlever mousse toit,Phrase,,,,,,,,,,,,,,,,,,,,,,,,Enabled
389-542-8764,Search_Entretien-Toiture_Ardeche,Demoussage,2.00,nettoyage toiture,Phrase,,,,,,,,,,,,,,,,,,,,,,,,Enabled
389-542-8764,Search_Entretien-Toiture_Ardeche,Demoussage,2.00,nettoyage toit,Phrase,,,,,,,,,,,,,,,,,,,,,,,,Enabled
389-542-8764,Search_Entretien-Toiture_Ardeche,Demoussage,2.00,traitement anti mousse toiture,Phrase,,,,,,,,,,,,,,,,,,,,,,,,Enabled
389-542-8764,Search_Entretien-Toiture_Ardeche,Demoussage,2.00,demoussage toit,Phrase,,,,,,,,,,,,,,,,,,,,,,,,Enabled
389-542-8764,Search_Entretien-Toiture_Ardeche,Demoussage,2.00,demoussage toiture aubenas,Phrase,,,,,,,,,,,,,,,,,,,,,,,,Enabled
389-542-8764,Search_Entretien-Toiture_Ardeche,Demoussage,2.00,demoussage toiture privas,Phrase,,,,,,,,,,,,,,,,,,,,,,,,Enabled
389-542-8764,Search_Entretien-Toiture_Ardeche,Demoussage,2.00,demoussage toiture montelimar,Phrase,,,,,,,,,,,,,,,,,,,,,,,,Enabled
389-542-8764,Search_Entretien-Toiture_Ardeche,Demoussage,2.00,demoussage toiture le teil,Phrase,,,,,,,,,,,,,,,,,,,,,,,,Enabled
389-542-8764,Search_Entretien-Toiture_Ardeche,Demoussage,2.00,demoussage toiture ales,Phrase,,,,,,,,,,,,,,,,,,,,,,,,Enabled
389-542-8764,Search_Entretien-Toiture_Ardeche,Demoussage,2.00,demoussage toiture bagnols sur ceze,Phrase,,,,,,,,,,,,,,,,,,,,,,,,Enabled
389-542-8764,Search_Entretien-Toiture_Ardeche,Hydrofuge tuile,2.00,hydrofuge toiture,Exact,,,,,,,,,,,,,,,,,,,,,,,,Enabled
389-542-8764,Search_Entretien-Toiture_Ardeche,Hydrofuge tuile,2.00,traitement tuiles,Exact,,,,,,,,,,,,,,,,,,,,,,,,Enabled
389-542-8764,Search_Entretien-Toiture_Ardeche,Hydrofuge tuile,2.00,hydrofuge toiture,Phrase,,,,,,,,,,,,,,,,,,,,,,,,Enabled
389-542-8764,Search_Entretien-Toiture_Ardeche,Hydrofuge tuile,2.00,traitement hydrofuge toit,Phrase,,,,,,,,,,,,,,,,,,,,,,,,Enabled
389-542-8764,Search_Entretien-Toiture_Ardeche,Hydrofuge tuile,2.00,hydrofuge colore tuiles,Phrase,,,,,,,,,,,,,,,,,,,,,,,,Enabled
389-542-8764,Search_Entretien-Toiture_Ardeche,Hydrofuge tuile,2.00,traitement tuiles,Phrase,,,,,,,,,,,,,,,,,,,,,,,,Enabled
389-542-8764,Search_Entretien-Toiture_Ardeche,Hydrofuge tuile,2.00,traitement toiture,Phrase,,,,,,,,,,,,,,,,,,,,,,,,Enabled
389-542-8764,Search_Entretien-Toiture_Ardeche,Hydrofuge tuile,2.00,hydrofuge tuiles,Phrase,,,,,,,,,,,,,,,,,,,,,,,,Enabled
389-542-8764,Search_Entretien-Toiture_Ardeche,Hydrofuge tuile,2.00,peinture toiture,Phrase,,,,,,,,,,,,,,,,,,,,,,,,Enabled
389-542-8764,Search_Entretien-Toiture_Ardeche,Gouttiere,2.00,reparation gouttiere,Exact,,,,,,,,,,,,,,,,,,,,,,,,Enabled
389-542-8764,Search_Entretien-Toiture_Ardeche,Gouttiere,2.00,pose gouttiere,Exact,,,,,,,,,,,,,,,,,,,,,,,,Enabled
389-542-8764,Search_Entretien-Toiture_Ardeche,Gouttiere,2.00,reparation gouttiere,Phrase,,,,,,,,,,,,,,,,,,,,,,,,Enabled
389-542-8764,Search_Entretien-Toiture_Ardeche,Gouttiere,2.00,gouttiere qui fuit,Phrase,,,,,,,,,,,,,,,,,,,,,,,,Enabled
389-542-8764,Search_Entretien-Toiture_Ardeche,Gouttiere,2.00,changer gouttiere,Phrase,,,,,,,,,,,,,,,,,,,,,,,,Enabled
389-542-8764,Search_Entretien-Toiture_Ardeche,Gouttiere,2.00,remplacement gouttiere,Phrase,,,,,,,,,,,,,,,,,,,,,,,,Enabled
389-542-8764,Search_Entretien-Toiture_Ardeche,Gouttiere,2.00,pose gouttiere,Phrase,,,,,,,,,,,,,,,,,,,,,,,,Enabled
389-542-8764,Search_Entretien-Toiture_Ardeche,Gouttiere,2.00,nettoyage gouttiere,Phrase,,,,,,,,,,,,,,,,,,,,,,,,Enabled
389-542-8764,Search_Entretien-Toiture_Ardeche,Gouttiere,2.00,zingueur,Phrase,,,,,,,,,,,,,,,,,,,,,,,,Enabled
389-542-8764,Search_Entretien-Toiture_Ardeche,Gouttiere,2.00,gouttiere zinc,Phrase,,,,,,,,,,,,,,,,,,,,,,,,Enabled
389-542-8764,Search_Entretien-Toiture_Ardeche,Gouttiere,2.00,reparation gouttiere aubenas,Phrase,,,,,,,,,,,,,,,,,,,,,,,,Enabled
389-542-8764,Search_Entretien-Toiture_Ardeche,Gouttiere,2.00,reparation gouttiere privas,Phrase,,,,,,,,,,,,,,,,,,,,,,,,Enabled
389-542-8764,Search_Entretien-Toiture_Ardeche,Gouttiere,2.00,reparation gouttiere montelimar,Phrase,,,,,,,,,,,,,,,,,,,,,,,,Enabled
389-542-8764,Search_Entretien-Toiture_Ardeche,Gouttiere,2.00,reparation gouttiere le teil,Phrase,,,,,,,,,,,,,,,,,,,,,,,,Enabled
389-542-8764,Search_Entretien-Toiture_Ardeche,Gouttiere,2.00,reparation gouttiere ales,Phrase,,,,,,,,,,,,,,,,,,,,,,,,Enabled
389-542-8764,Search_Entretien-Toiture_Ardeche,Gouttiere,2.00,reparation gouttiere bagnols sur ceze,Phrase,,,,,,,,,,,,,,,,,,,,,,,,Enabled
389-542-8764,Search_Gros-Chantiers_Ardeche,Renovation toiture,3.00,renovation toiture,Exact,,,,,,,,,,,,,,,,,,,,,,,,Enabled
389-542-8764,Search_Gros-Chantiers_Ardeche,Renovation toiture,3.00,refaire toiture,Exact,,,,,,,,,,,,,,,,,,,,,,,,Enabled
389-542-8764,Search_Gros-Chantiers_Ardeche,Renovation toiture,3.00,refection toiture,Exact,,,,,,,,,,,,,,,,,,,,,,,,Enabled
389-542-8764,Search_Gros-Chantiers_Ardeche,Renovation toiture,3.00,renovation toiture,Phrase,,,,,,,,,,,,,,,,,,,,,,,,Enabled
389-542-8764,Search_Gros-Chantiers_Ardeche,Renovation toiture,3.00,refaire sa toiture,Phrase,,,,,,,,,,,,,,,,,,,,,,,,Enabled
389-542-8764,Search_Gros-Chantiers_Ardeche,Renovation toiture,3.00,refection toiture,Phrase,,,,,,,,,,,,,,,,,,,,,,,,Enabled
389-542-8764,Search_Gros-Chantiers_Ardeche,Renovation toiture,3.00,changer toiture,Phrase,,,,,,,,,,,,,,,,,,,,,,,,Enabled
389-542-8764,Search_Gros-Chantiers_Ardeche,Renovation toiture,3.00,devis renovation toiture,Phrase,,,,,,,,,,,,,,,,,,,,,,,,Enabled
389-542-8764,Search_Gros-Chantiers_Ardeche,Renovation toiture,3.00,prix renovation toiture,Phrase,,,,,,,,,,,,,,,,,,,,,,,,Enabled
389-542-8764,Search_Gros-Chantiers_Ardeche,Renovation toiture,3.00,renover toiture,Phrase,,,,,,,,,,,,,,,,,,,,,,,,Enabled
389-542-8764,Search_Gros-Chantiers_Ardeche,Renovation toiture,3.00,couvreur renovation,Phrase,,,,,,,,,,,,,,,,,,,,,,,,Enabled
389-542-8764,Search_Gros-Chantiers_Ardeche,Renovation toiture,3.00,renovation toiture aubenas,Phrase,,,,,,,,,,,,,,,,,,,,,,,,Enabled
389-542-8764,Search_Gros-Chantiers_Ardeche,Renovation toiture,3.00,renovation toiture privas,Phrase,,,,,,,,,,,,,,,,,,,,,,,,Enabled
389-542-8764,Search_Gros-Chantiers_Ardeche,Renovation toiture,3.00,renovation toiture montelimar,Phrase,,,,,,,,,,,,,,,,,,,,,,,,Enabled
389-542-8764,Search_Gros-Chantiers_Ardeche,Renovation toiture,3.00,renovation toiture le teil,Phrase,,,,,,,,,,,,,,,,,,,,,,,,Enabled
389-542-8764,Search_Gros-Chantiers_Ardeche,Renovation toiture,3.00,renovation toiture ales,Phrase,,,,,,,,,,,,,,,,,,,,,,,,Enabled
389-542-8764,Search_Gros-Chantiers_Ardeche,Renovation toiture,3.00,renovation toiture bagnols sur ceze,Phrase,,,,,,,,,,,,,,,,,,,,,,,,Enabled
389-542-8764,Search_Gros-Chantiers_Ardeche,Etancheite,2.50,etancheite toiture,Exact,,,,,,,,,,,,,,,,,,,,,,,,Enabled
389-542-8764,Search_Gros-Chantiers_Ardeche,Etancheite,2.50,etancheite toit plat,Exact,,,,,,,,,,,,,,,,,,,,,,,,Enabled
389-542-8764,Search_Gros-Chantiers_Ardeche,Etancheite,2.50,etancheite toiture,Phrase,,,,,,,,,,,,,,,,,,,,,,,,Enabled
389-542-8764,Search_Gros-Chantiers_Ardeche,Etancheite,2.50,etancheite toit plat,Phrase,,,,,,,,,,,,,,,,,,,,,,,,Enabled
389-542-8764,Search_Gros-Chantiers_Ardeche,Etancheite,2.50,etancheite toit terrasse,Phrase,,,,,,,,,,,,,,,,,,,,,,,,Enabled
389-542-8764,Search_Gros-Chantiers_Ardeche,Etancheite,2.50,mise en etancheite toiture,Phrase,,,,,,,,,,,,,,,,,,,,,,,,Enabled
389-542-8764,Search_Gros-Chantiers_Ardeche,Etancheite,2.50,reparation etancheite toit,Phrase,,,,,,,,,,,,,,,,,,,,,,,,Enabled
389-542-8764,Search_Gros-Chantiers_Ardeche,Etancheite,2.50,infiltration toit terrasse,Phrase,,,,,,,,,,,,,,,,,,,,,,,,Enabled
389-542-8764,Search_Marque_Ardeche,Marque,0.50,debord renovation,Exact,,,,,,,,,,,,,,,,,,,,,,,,Enabled
389-542-8764,Search_Marque_Ardeche,Marque,0.50,renovation ardeche couvreur,Exact,,,,,,,,,,,,,,,,,,,,,,,,Enabled
389-542-8764,Search_Marque_Ardeche,Marque,0.50,debord renovation,Phrase,,,,,,,,,,,,,,,,,,,,,,,,Enabled
389-542-8764,Search_Marque_Ardeche,Marque,0.50,debord renovation ardeche,Phrase,,,,,,,,,,,,,,,,,,,,,,,,Enabled
389-542-8764,Search_Urgence-Reparation_Ardeche,Fuite toiture,,,,Responsive search ad,Réparation Fuite Toiture,Fuite de Toit ? On Répare,Recherche de Fuite Toiture,Couvreur Fuite Ardèche,Intervention Rapide,On Trouve l'Origine,Infiltration Réparee,Réparation Durable,Devis Gratuit Sous 24 h,Artisan Couvreur Local,Garantie Décennale,Déplacement Gratuit,"Note 5,0 sur Google",Couvreur en Ardèche,Diagnostic Gratuit du Toit,Fuite active ou infiltration ? On trouve l'origine réelle et on répare durablement.,"Couvreur artisan en Ardèche. Déplacement et devis gratuits, garantie décennale.","Appelez le 06 66 14 37 84 : diagnostic gratuit sur le toit, intervention rapide.","On répare le point d'entrée reel de l'eau, pas seulement la tache au plafond.",https://renovation-ardeche.fr/reparation-fuite-toiture-ardeche,toiture,fuite,Enabled
389-542-8764,Search_Urgence-Reparation_Ardeche,Urgence couvreur,,,,Responsive search ad,Couvreur Urgence Ardèche,Intervention Rapide Toit,Dépannage de Toiture,Couvreur Disponible,Urgence Toiture 07,On Sécurise Puis On Répare,"Appelez, On Repond",Toiture Sécurisée,Devis Gratuit Sous 24 h,Artisan Couvreur Local,Garantie Décennale,Déplacement Gratuit,"Note 5,0 sur Google",Couvreur en Ardèche,Diagnostic Gratuit du Toit,"Urgence toiture ? On sécurise d'abord, puis on répare. Devis gratuit et détaillé.","Couvreur artisan en Ardèche, intervention rapide. Déplacement et devis gratuits.",Appelez le 06 66 14 37 84 : on qualifie l'urgence et on se déplace rapidement.,"Artisan local, garantie décennale. On repond et on intervient sans vous faire attendre.",https://renovation-ardeche.fr/reparation-fuite-toiture-ardeche,toiture,urgence,Enabled
389-542-8764,Search_Urgence-Reparation_Ardeche,Tempete,,,,Responsive search ad,Toiture Après Tempête,Tuiles Envolées ? Appelez,Bâchage et Sécurisation,Réparation Après Tempête,Devis Pour Assurance,Intervention Rapide,Toiture Endommagee,On Sécurise Votre Toit,Devis Gratuit Sous 24 h,Artisan Couvreur Local,Garantie Décennale,Déplacement Gratuit,"Note 5,0 sur Google",Couvreur en Ardèche,Diagnostic Gratuit du Toit,"Tuiles envolées, toiture endommagee ? On sécurise puis on répare. Devis gratuit.",Devis détaillé utilisable auprès de votre assurance. Artisan couvreur en Ardèche.,"Appelez le 06 66 14 37 84 : bâchage, securisation et réparation de votre toiture.","Après un episode cévenol, faites vérifier votre toit. Diagnostic gratuit sur place.",https://renovation-ardeche.fr/reparation-fuite-toiture-ardeche,toiture,tempete,Enabled
389-542-8764,Search_Entretien-Toiture_Ardeche,Demoussage,,,,Responsive search ad,Démoussage de Toiture,Nettoyage Toiture Ardèche,Enlever la Mousse du Toit,Toiture Assainie,Démoussage Sans Pression,Traitement Anti Mousse,Devis Gratuit Démoussage,Toiture Comme Neuve,Devis Gratuit Sous 24 h,Artisan Couvreur Local,Garantie Décennale,Déplacement Gratuit,"Note 5,0 sur Google",Couvreur en Ardèche,Diagnostic Gratuit du Toit,"Mousses et lichens éliminés, toiture assainie. Devis gratuit et sans engagement.",Grattage manuel et basse pression : on ne rend pas votre tuile poreuse.,Appelez le 06 66 14 37 84 pour un diagnostic gratuit de votre toiture.,"Artisan couvreur local en Ardèche. Déplacement gratuit, garantie décennale.",https://renovation-ardeche.fr/demoussage-toiture-ardeche,toiture,demoussage,Enabled
389-542-8764,Search_Entretien-Toiture_Ardeche,Hydrofuge tuile,,,,Responsive search ad,Hydrofuge de Toiture,Traitement des Tuiles,Hydrofuge Incolore ou Coloré,Protégez Votre Toiture,L'eau Perle et Glisse,Tuiles Protégées Longtemps,Devis Gratuit Hydrofuge,Traitement Toiture,Devis Gratuit Sous 24 h,Artisan Couvreur Local,Garantie Décennale,Déplacement Gratuit,"Note 5,0 sur Google",Couvreur en Ardèche,Diagnostic Gratuit du Toit,"Après traitement, l'eau perle et glisse au lieu de pénétrer la tuile.","Hydrofuge incolore pour protéger, coloré pour retrouver l'aspect d'origine.",Appelez le 06 66 14 37 84 : diagnostic et devis gratuits en Ardèche.,"Artisan couvreur local. Démoussage préalable puis hydrofuge, dans les règles.",https://renovation-ardeche.fr/hydrofuge-toiture-ardeche,toiture,hydrofuge,Enabled
389-542-8764,Search_Entretien-Toiture_Ardeche,Gouttiere,,,,Responsive search ad,Réparation Gouttière,Gouttière Qui Fuit ?,Pose de Gouttière,Changement de Gouttière,Zinguerie en Ardèche,Nettoyage Gouttières,Gouttière Zinc et Alu,Devis Gratuit Gouttière,Devis Gratuit Sous 24 h,Artisan Couvreur Local,Garantie Décennale,Déplacement Gratuit,"Note 5,0 sur Google",Couvreur en Ardèche,Diagnostic Gratuit du Toit,"Réparation, remplacement et pose de gouttières par un artisan local.",Gouttière qui fuit ou arrachee ? On intervient vite. Devis gratuit.,Appelez le 06 66 14 37 84 : diagnostic gratuit et devis détaillé.,"Zinguerie soignée en Ardèche. Déplacement gratuit, garantie décennale.",https://renovation-ardeche.fr/zinguerie-ardeche,toiture,gouttiere,Enabled
389-542-8764,Search_Gros-Chantiers_Ardeche,Renovation toiture,,,,Responsive search ad,Rénovation de Toiture,Refaire Sa Toiture,Réfection de Toiture,Devis Rénovation Gratuit,Tuile Canal et Ardoise,Toiture Neuve Durable,Diagnostic Sur le Toit,Devis Clair et Détaillé,Devis Gratuit Sous 24 h,Artisan Couvreur Local,Garantie Décennale,Déplacement Gratuit,"Note 5,0 sur Google",Couvreur en Ardèche,Diagnostic Gratuit du Toit,"Rénovation complete de toiture : tuile canal, ardoise, lauze. Devis gratuit.","Du diagnostic a la garantie, un seul interlocuteur. Déplacement gratuit.",Appelez le 06 66 14 37 84 pour votre projet de rénovation de toiture.,Artisan couvreur en Ardèche du Sud. Devis détaillé et garantie décennale.,https://renovation-ardeche.fr/renovation-toiture-ardeche,toiture,renovation,Enabled
389-542-8764,Search_Gros-Chantiers_Ardeche,Etancheite,,,,Responsive search ad,Étanchéité de Toiture,Mise en Étanchéité,Étanchéité Toit Plat,Toit Plat Qui Fuit ?,Reprise d'Étanchéité,Étanchéité Toit Terrasse,Infiltration Réparee,Devis Gratuit Étanchéité,Devis Gratuit Sous 24 h,Artisan Couvreur Local,Garantie Décennale,Déplacement Gratuit,"Note 5,0 sur Google",Couvreur en Ardèche,Diagnostic Gratuit du Toit,Mise en étanchéité et reprise sur toits plats et terrasses. Fini les infiltrations.,Artisan couvreur en Ardèche : diagnostic sur place et devis gratuit.,Appelez le 06 66 14 37 84 pour un devis gratuit et sans engagement.,"Étanchéité durable de votre toiture. Déplacement gratuit, garantie décennale.",https://renovation-ardeche.fr/etancheite-toit-plat-ardeche,toiture,etancheite,Enabled
389-542-8764,Search_Marque_Ardeche,Marque,,,,Responsive search ad,Debord Rénovation,Couvreur en Ardèche,Rénovation Ardèche,Devis Gratuit,Garantie Décennale,"Note 5,0 sur Google",Artisan Couvreur Local,Déplacement Gratuit,Toiture en Ardèche,Devis et Visite Gratuits,Rénovation de Toiture,Réparation de Toiture,Démoussage de Toiture,Artisan de Confiance,Intervention Rapide,"Debord Rénovation, couvreur artisan en Ardèche du Sud. Devis gratuit.","Rénovation, réparation, démoussage et zinguerie. Garantie décennale.",Appelez le 06 66 14 37 84. Déplacement et devis gratuits.,Artisan local en Ardèche du Sud. Diagnostic gratuit sur votre toiture.,https://renovation-ardeche.fr/,couvreur,ardeche,Enabled
