Customer ID,Campaign,Ad Group,Keyword,Match Type,Status
393-087-6448,Search_Toiture_Sud-Ardeche,Zinguerie-Gouttiere,pose gouttiere,Exact,Paused
393-087-6448,Search_Toiture_Sud-Ardeche,Zinguerie-Gouttiere,reparation gouttiere,Exact,Paused
393-087-6448,Search_Toiture_Sud-Ardeche,Zinguerie-Gouttiere,changer gouttiere,Phrase,Paused
393-087-6448,Search_Toiture_Sud-Ardeche,Zinguerie-Gouttiere,gouttiere qui fuit,Phrase,Paused
393-087-6448,Search_Toiture_Sud-Ardeche,Zinguerie-Gouttiere,gouttiere zinc,Phrase,Paused
393-087-6448,Search_Toiture_Sud-Ardeche,Zinguerie-Gouttiere,nettoyage gouttiere,Phrase,Paused
393-087-6448,Search_Toiture_Sud-Ardeche,Zinguerie-Gouttiere,pose gouttiere,Phrase,Paused
393-087-6448,Search_Toiture_Sud-Ardeche,Zinguerie-Gouttiere,remplacement gouttiere,Phrase,Paused
393-087-6448,Search_Toiture_Sud-Ardeche,Zinguerie-Gouttiere,reparation gouttiere,Phrase,Paused
393-087-6448,Search_Toiture_Sud-Ardeche,Zinguerie-Gouttiere,reparation gouttiere ales,Phrase,Paused
393-087-6448,Search_Toiture_Sud-Ardeche,Zinguerie-Gouttiere,reparation gouttiere aubenas,Phrase,Paused
393-087-6448,Search_Toiture_Sud-Ardeche,Zinguerie-Gouttiere,reparation gouttiere bagnols sur ceze,Phrase,Paused
393-087-6448,Search_Toiture_Sud-Ardeche,Zinguerie-Gouttiere,reparation gouttiere le teil,Phrase,Paused
393-087-6448,Search_Toiture_Sud-Ardeche,Zinguerie-Gouttiere,reparation gouttiere montelimar,Phrase,Paused
393-087-6448,Search_Toiture_Sud-Ardeche,Zinguerie-Gouttiere,reparation gouttiere privas,Phrase,Paused
393-087-6448,Search_Toiture_Sud-Ardeche,Zinguerie-Gouttiere,zingueur,Phrase,Paused
393-087-6448,Search_Toiture_Sud-Ardeche,Etancheite-Toit-Plat,etancheite toit plat,Exact,Paused
393-087-6448,Search_Toiture_Sud-Ardeche,Etancheite-Toit-Plat,etancheite toiture,Exact,Paused
393-087-6448,Search_Toiture_Sud-Ardeche,Etancheite-Toit-Plat,etancheite toit plat,Phrase,Paused
393-087-6448,Search_Toiture_Sud-Ardeche,Etancheite-Toit-Plat,etancheite toit terrasse,Phrase,Paused
393-087-6448,Search_Toiture_Sud-Ardeche,Etancheite-Toit-Plat,etancheite toiture,Phrase,Paused
393-087-6448,Search_Toiture_Sud-Ardeche,Etancheite-Toit-Plat,infiltration toit terrasse,Phrase,Paused
393-087-6448,Search_Toiture_Sud-Ardeche,Etancheite-Toit-Plat,mise en etancheite toiture,Phrase,Paused
393-087-6448,Search_Toiture_Sud-Ardeche,Etancheite-Toit-Plat,reparation etancheite toit,Phrase,Paused
