Campaign,Campaign Type,Campaign Daily Budget,Bid Strategy Type,Ad Group,Max CPC,Keyword,Match Type,Ad Type,Headline 1,Headline 2,Headline 3,Headline 4,Headline 5,Headline 6,Headline 7,Headline 8,Headline 9,Headline 10,Headline 11,Headline 12,Headline 13,Headline 14,Headline 15,Description 1,Description 2,Description 3,Description 4,Final URL,Path 1,Path 2,Status
Search_Urgence-Reparation_Ardeche,Search,4.61,Maximize clicks,,,,,,,,,,,,,,,,,,,,,,,,,,,,Paused
Search_Entretien-Toiture_Ardeche,Search,4.28,Maximize clicks,,,,,,,,,,,,,,,,,,,,,,,,,,,,Paused
Search_Gros-Chantiers_Ardeche,Search,3.29,Maximize clicks,,,,,,,,,,,,,,,,,,,,,,,,,,,,Paused
Search_Marque_Ardeche,Search,0.99,Maximize clicks,,,,,,,,,,,,,,,,,,,,,,,,,,,,Paused
Search_Urgence-Reparation_Ardeche,,,,Fuite toiture,4.00,,,,,,,,,,,,,,,,,,,,,,,,,,Enabled
Search_Urgence-Reparation_Ardeche,,,,Urgence couvreur,4.00,,,,,,,,,,,,,,,,,,,,,,,,,,Enabled
Search_Urgence-Reparation_Ardeche,,,,Tempete,3.50,,,,,,,,,,,,,,,,,,,,,,,,,,Enabled
Search_Entretien-Toiture_Ardeche,,,,Demoussage,2.00,,,,,,,,,,,,,,,,,,,,,,,,,,Enabled
Search_Entretien-Toiture_Ardeche,,,,Hydrofuge tuile,2.00,,,,,,,,,,,,,,,,,,,,,,,,,,Enabled
Search_Entretien-Toiture_Ardeche,,,,Gouttiere,2.00,,,,,,,,,,,,,,,,,,,,,,,,,,Enabled
Search_Gros-Chantiers_Ardeche,,,,Renovation toiture,3.00,,,,,,,,,,,,,,,,,,,,,,,,,,Enabled
Search_Gros-Chantiers_Ardeche,,,,Etancheite,2.50,,,,,,,,,,,,,,,,,,,,,,,,,,Enabled
Search_Marque_Ardeche,,,,Marque,0.50,,,,,,,,,,,,,,,,,,,,,,,,,,Enabled
Search_Urgence-Reparation_Ardeche,,,,Fuite toiture,4.00,reparation fuite toiture,Exact,,,,,,,,,,,,,,,,,,,,,,,,Enabled
Search_Urgence-Reparation_Ardeche,,,,Fuite toiture,4.00,fuite toiture,Exact,,,,,,,,,,,,,,,,,,,,,,,,Enabled
Search_Urgence-Reparation_Ardeche,,,,Fuite toiture,4.00,fuite toit,Exact,,,,,,,,,,,,,,,,,,,,,,,,Enabled
Search_Urgence-Reparation_Ardeche,,,,Fuite toiture,4.00,recherche de fuite toiture,Exact,,,,,,,,,,,,,,,,,,,,,,,,Enabled
Search_Urgence-Reparation_Ardeche,,,,Fuite toiture,4.00,reparation fuite toiture,Phrase,,,,,,,,,,,,,,,,,,,,,,,,Enabled
Search_Urgence-Reparation_Ardeche,,,,Fuite toiture,4.00,fuite toiture ardeche,Phrase,,,,,,,,,,,,,,,,,,,,,,,,Enabled
Search_Urgence-Reparation_Ardeche,,,,Fuite toiture,4.00,toit qui fuit,Phrase,,,,,,,,,,,,,,,,,,,,,,,,Enabled
Search_Urgence-Reparation_Ardeche,,,,Fuite toiture,4.00,infiltration toiture,Phrase,,,,,,,,,,,,,,,,,,,,,,,,Enabled
Search_Urgence-Reparation_Ardeche,,,,Fuite toiture,4.00,reparer fuite toiture,Phrase,,,,,,,,,,,,,,,,,,,,,,,,Enabled
Search_Urgence-Reparation_Ardeche,,,,Fuite toiture,4.00,infiltration eau toiture,Phrase,,,,,,,,,,,,,,,,,,,,,,,,Enabled
Search_Urgence-Reparation_Ardeche,,,,Fuite toiture,4.00,fuite toiture maison,Phrase,,,,,,,,,,,,,,,,,,,,,,,,Enabled
Search_Urgence-Reparation_Ardeche,,,,Fuite toiture,4.00,fuite toiture aubenas,Phrase,,,,,,,,,,,,,,,,,,,,,,,,Enabled
Search_Urgence-Reparation_Ardeche,,,,Fuite toiture,4.00,fuite toiture privas,Phrase,,,,,,,,,,,,,,,,,,,,,,,,Enabled
Search_Urgence-Reparation_Ardeche,,,,Fuite toiture,4.00,fuite toiture montelimar,Phrase,,,,,,,,,,,,,,,,,,,,,,,,Enabled
Search_Urgence-Reparation_Ardeche,,,,Fuite toiture,4.00,fuite toiture le teil,Phrase,,,,,,,,,,,,,,,,,,,,,,,,Enabled
Search_Urgence-Reparation_Ardeche,,,,Fuite toiture,4.00,fuite toiture ales,Phrase,,,,,,,,,,,,,,,,,,,,,,,,Enabled
Search_Urgence-Reparation_Ardeche,,,,Fuite toiture,4.00,fuite toiture bagnols sur ceze,Phrase,,,,,,,,,,,,,,,,,,,,,,,,Enabled
Search_Urgence-Reparation_Ardeche,,,,Urgence couvreur,4.00,couvreur urgence,Exact,,,,,,,,,,,,,,,,,,,,,,,,Enabled
Search_Urgence-Reparation_Ardeche,,,,Urgence couvreur,4.00,depannage toiture,Exact,,,,,,,,,,,,,,,,,,,,,,,,Enabled
Search_Urgence-Reparation_Ardeche,,,,Urgence couvreur,4.00,couvreur urgence,Phrase,,,,,,,,,,,,,,,,,,,,,,,,Enabled
Search_Urgence-Reparation_Ardeche,,,,Urgence couvreur,4.00,couvreur urgence ardeche,Phrase,,,,,,,,,,,,,,,,,,,,,,,,Enabled
Search_Urgence-Reparation_Ardeche,,,,Urgence couvreur,4.00,depannage toiture,Phrase,,,,,,,,,,,,,,,,,,,,,,,,Enabled
Search_Urgence-Reparation_Ardeche,,,,Urgence couvreur,4.00,couvreur rapide,Phrase,,,,,,,,,,,,,,,,,,,,,,,,Enabled
Search_Urgence-Reparation_Ardeche,,,,Urgence couvreur,4.00,intervention toiture urgence,Phrase,,,,,,,,,,,,,,,,,,,,,,,,Enabled
Search_Urgence-Reparation_Ardeche,,,,Urgence couvreur,4.00,couvreur en urgence,Phrase,,,,,,,,,,,,,,,,,,,,,,,,Enabled
Search_Urgence-Reparation_Ardeche,,,,Urgence couvreur,4.00,couvreur urgence aubenas,Phrase,,,,,,,,,,,,,,,,,,,,,,,,Enabled
Search_Urgence-Reparation_Ardeche,,,,Urgence couvreur,4.00,couvreur urgence privas,Phrase,,,,,,,,,,,,,,,,,,,,,,,,Enabled
Search_Urgence-Reparation_Ardeche,,,,Urgence couvreur,4.00,couvreur urgence montelimar,Phrase,,,,,,,,,,,,,,,,,,,,,,,,Enabled
Search_Urgence-Reparation_Ardeche,,,,Urgence couvreur,4.00,couvreur urgence le teil,Phrase,,,,,,,,,,,,,,,,,,,,,,,,Enabled
Search_Urgence-Reparation_Ardeche,,,,Urgence couvreur,4.00,couvreur urgence ales,Phrase,,,,,,,,,,,,,,,,,,,,,,,,Enabled
Search_Urgence-Reparation_Ardeche,,,,Urgence couvreur,4.00,couvreur urgence bagnols sur ceze,Phrase,,,,,,,,,,,,,,,,,,,,,,,,Enabled
Search_Urgence-Reparation_Ardeche,,,,Tempete,3.50,reparation toiture tempete,Exact,,,,,,,,,,,,,,,,,,,,,,,,Enabled
Search_Urgence-Reparation_Ardeche,,,,Tempete,3.50,reparation toiture tempete,Phrase,,,,,,,,,,,,,,,,,,,,,,,,Enabled
Search_Urgence-Reparation_Ardeche,,,,Tempete,3.50,tuiles envolees,Phrase,,,,,,,,,,,,,,,,,,,,,,,,Enabled
Search_Urgence-Reparation_Ardeche,,,,Tempete,3.50,toiture endommagee tempete,Phrase,,,,,,,,,,,,,,,,,,,,,,,,Enabled
Search_Urgence-Reparation_Ardeche,,,,Tempete,3.50,bachage toiture,Phrase,,,,,,,,,,,,,,,,,,,,,,,,Enabled
Search_Urgence-Reparation_Ardeche,,,,Tempete,3.50,tuile cassee remplacement,Phrase,,,,,,,,,,,,,,,,,,,,,,,,Enabled
Search_Urgence-Reparation_Ardeche,,,,Tempete,3.50,degat des eaux toiture,Phrase,,,,,,,,,,,,,,,,,,,,,,,,Enabled
Search_Entretien-Toiture_Ardeche,,,,Demoussage,2.00,demoussage toiture,Exact,,,,,,,,,,,,,,,,,,,,,,,,Enabled
Search_Entretien-Toiture_Ardeche,,,,Demoussage,2.00,nettoyage toiture,Exact,,,,,,,,,,,,,,,,,,,,,,,,Enabled
Search_Entretien-Toiture_Ardeche,,,,Demoussage,2.00,demoussage toiture,Phrase,,,,,,,,,,,,,,,,,,,,,,,,Enabled
Search_Entretien-Toiture_Ardeche,,,,Demoussage,2.00,demousser toiture,Phrase,,,,,,,,,,,,,,,,,,,,,,,,Enabled
Search_Entretien-Toiture_Ardeche,,,,Demoussage,2.00,enlever mousse toit,Phrase,,,,,,,,,,,,,,,,,,,,,,,,Enabled
Search_Entretien-Toiture_Ardeche,,,,Demoussage,2.00,nettoyage toiture,Phrase,,,,,,,,,,,,,,,,,,,,,,,,Enabled
Search_Entretien-Toiture_Ardeche,,,,Demoussage,2.00,nettoyage toit,Phrase,,,,,,,,,,,,,,,,,,,,,,,,Enabled
Search_Entretien-Toiture_Ardeche,,,,Demoussage,2.00,traitement anti mousse toiture,Phrase,,,,,,,,,,,,,,,,,,,,,,,,Enabled
Search_Entretien-Toiture_Ardeche,,,,Demoussage,2.00,demoussage toit,Phrase,,,,,,,,,,,,,,,,,,,,,,,,Enabled
Search_Entretien-Toiture_Ardeche,,,,Demoussage,2.00,demoussage toiture aubenas,Phrase,,,,,,,,,,,,,,,,,,,,,,,,Enabled
Search_Entretien-Toiture_Ardeche,,,,Demoussage,2.00,demoussage toiture privas,Phrase,,,,,,,,,,,,,,,,,,,,,,,,Enabled
Search_Entretien-Toiture_Ardeche,,,,Demoussage,2.00,demoussage toiture montelimar,Phrase,,,,,,,,,,,,,,,,,,,,,,,,Enabled
Search_Entretien-Toiture_Ardeche,,,,Demoussage,2.00,demoussage toiture le teil,Phrase,,,,,,,,,,,,,,,,,,,,,,,,Enabled
Search_Entretien-Toiture_Ardeche,,,,Demoussage,2.00,demoussage toiture ales,Phrase,,,,,,,,,,,,,,,,,,,,,,,,Enabled
Search_Entretien-Toiture_Ardeche,,,,Demoussage,2.00,demoussage toiture bagnols sur ceze,Phrase,,,,,,,,,,,,,,,,,,,,,,,,Enabled
Search_Entretien-Toiture_Ardeche,,,,Hydrofuge tuile,2.00,hydrofuge toiture,Exact,,,,,,,,,,,,,,,,,,,,,,,,Enabled
Search_Entretien-Toiture_Ardeche,,,,Hydrofuge tuile,2.00,traitement tuiles,Exact,,,,,,,,,,,,,,,,,,,,,,,,Enabled
Search_Entretien-Toiture_Ardeche,,,,Hydrofuge tuile,2.00,hydrofuge toiture,Phrase,,,,,,,,,,,,,,,,,,,,,,,,Enabled
Search_Entretien-Toiture_Ardeche,,,,Hydrofuge tuile,2.00,traitement hydrofuge toit,Phrase,,,,,,,,,,,,,,,,,,,,,,,,Enabled
Search_Entretien-Toiture_Ardeche,,,,Hydrofuge tuile,2.00,hydrofuge colore tuiles,Phrase,,,,,,,,,,,,,,,,,,,,,,,,Enabled
Search_Entretien-Toiture_Ardeche,,,,Hydrofuge tuile,2.00,traitement tuiles,Phrase,,,,,,,,,,,,,,,,,,,,,,,,Enabled
Search_Entretien-Toiture_Ardeche,,,,Hydrofuge tuile,2.00,traitement toiture,Phrase,,,,,,,,,,,,,,,,,,,,,,,,Enabled
Search_Entretien-Toiture_Ardeche,,,,Hydrofuge tuile,2.00,hydrofuge tuiles,Phrase,,,,,,,,,,,,,,,,,,,,,,,,Enabled
Search_Entretien-Toiture_Ardeche,,,,Hydrofuge tuile,2.00,peinture toiture,Phrase,,,,,,,,,,,,,,,,,,,,,,,,Enabled
Search_Entretien-Toiture_Ardeche,,,,Gouttiere,2.00,reparation gouttiere,Exact,,,,,,,,,,,,,,,,,,,,,,,,Enabled
Search_Entretien-Toiture_Ardeche,,,,Gouttiere,2.00,pose gouttiere,Exact,,,,,,,,,,,,,,,,,,,,,,,,Enabled
Search_Entretien-Toiture_Ardeche,,,,Gouttiere,2.00,reparation gouttiere,Phrase,,,,,,,,,,,,,,,,,,,,,,,,Enabled
Search_Entretien-Toiture_Ardeche,,,,Gouttiere,2.00,gouttiere qui fuit,Phrase,,,,,,,,,,,,,,,,,,,,,,,,Enabled
Search_Entretien-Toiture_Ardeche,,,,Gouttiere,2.00,changer gouttiere,Phrase,,,,,,,,,,,,,,,,,,,,,,,,Enabled
Search_Entretien-Toiture_Ardeche,,,,Gouttiere,2.00,remplacement gouttiere,Phrase,,,,,,,,,,,,,,,,,,,,,,,,Enabled
Search_Entretien-Toiture_Ardeche,,,,Gouttiere,2.00,pose gouttiere,Phrase,,,,,,,,,,,,,,,,,,,,,,,,Enabled
Search_Entretien-Toiture_Ardeche,,,,Gouttiere,2.00,nettoyage gouttiere,Phrase,,,,,,,,,,,,,,,,,,,,,,,,Enabled
Search_Entretien-Toiture_Ardeche,,,,Gouttiere,2.00,zingueur,Phrase,,,,,,,,,,,,,,,,,,,,,,,,Enabled
Search_Entretien-Toiture_Ardeche,,,,Gouttiere,2.00,gouttiere zinc,Phrase,,,,,,,,,,,,,,,,,,,,,,,,Enabled
Search_Entretien-Toiture_Ardeche,,,,Gouttiere,2.00,reparation gouttiere aubenas,Phrase,,,,,,,,,,,,,,,,,,,,,,,,Enabled
Search_Entretien-Toiture_Ardeche,,,,Gouttiere,2.00,reparation gouttiere privas,Phrase,,,,,,,,,,,,,,,,,,,,,,,,Enabled
Search_Entretien-Toiture_Ardeche,,,,Gouttiere,2.00,reparation gouttiere montelimar,Phrase,,,,,,,,,,,,,,,,,,,,,,,,Enabled
Search_Entretien-Toiture_Ardeche,,,,Gouttiere,2.00,reparation gouttiere le teil,Phrase,,,,,,,,,,,,,,,,,,,,,,,,Enabled
Search_Entretien-Toiture_Ardeche,,,,Gouttiere,2.00,reparation gouttiere ales,Phrase,,,,,,,,,,,,,,,,,,,,,,,,Enabled
Search_Entretien-Toiture_Ardeche,,,,Gouttiere,2.00,reparation gouttiere bagnols sur ceze,Phrase,,,,,,,,,,,,,,,,,,,,,,,,Enabled
Search_Gros-Chantiers_Ardeche,,,,Renovation toiture,3.00,renovation toiture,Exact,,,,,,,,,,,,,,,,,,,,,,,,Enabled
Search_Gros-Chantiers_Ardeche,,,,Renovation toiture,3.00,refaire toiture,Exact,,,,,,,,,,,,,,,,,,,,,,,,Enabled
Search_Gros-Chantiers_Ardeche,,,,Renovation toiture,3.00,refection toiture,Exact,,,,,,,,,,,,,,,,,,,,,,,,Enabled
Search_Gros-Chantiers_Ardeche,,,,Renovation toiture,3.00,renovation toiture,Phrase,,,,,,,,,,,,,,,,,,,,,,,,Enabled
Search_Gros-Chantiers_Ardeche,,,,Renovation toiture,3.00,refaire sa toiture,Phrase,,,,,,,,,,,,,,,,,,,,,,,,Enabled
Search_Gros-Chantiers_Ardeche,,,,Renovation toiture,3.00,refection toiture,Phrase,,,,,,,,,,,,,,,,,,,,,,,,Enabled
Search_Gros-Chantiers_Ardeche,,,,Renovation toiture,3.00,changer toiture,Phrase,,,,,,,,,,,,,,,,,,,,,,,,Enabled
Search_Gros-Chantiers_Ardeche,,,,Renovation toiture,3.00,devis renovation toiture,Phrase,,,,,,,,,,,,,,,,,,,,,,,,Enabled
Search_Gros-Chantiers_Ardeche,,,,Renovation toiture,3.00,prix renovation toiture,Phrase,,,,,,,,,,,,,,,,,,,,,,,,Enabled
Search_Gros-Chantiers_Ardeche,,,,Renovation toiture,3.00,renover toiture,Phrase,,,,,,,,,,,,,,,,,,,,,,,,Enabled
Search_Gros-Chantiers_Ardeche,,,,Renovation toiture,3.00,couvreur renovation,Phrase,,,,,,,,,,,,,,,,,,,,,,,,Enabled
Search_Gros-Chantiers_Ardeche,,,,Renovation toiture,3.00,renovation toiture aubenas,Phrase,,,,,,,,,,,,,,,,,,,,,,,,Enabled
Search_Gros-Chantiers_Ardeche,,,,Renovation toiture,3.00,renovation toiture privas,Phrase,,,,,,,,,,,,,,,,,,,,,,,,Enabled
Search_Gros-Chantiers_Ardeche,,,,Renovation toiture,3.00,renovation toiture montelimar,Phrase,,,,,,,,,,,,,,,,,,,,,,,,Enabled
Search_Gros-Chantiers_Ardeche,,,,Renovation toiture,3.00,renovation toiture le teil,Phrase,,,,,,,,,,,,,,,,,,,,,,,,Enabled
Search_Gros-Chantiers_Ardeche,,,,Renovation toiture,3.00,renovation toiture ales,Phrase,,,,,,,,,,,,,,,,,,,,,,,,Enabled
Search_Gros-Chantiers_Ardeche,,,,Renovation toiture,3.00,renovation toiture bagnols sur ceze,Phrase,,,,,,,,,,,,,,,,,,,,,,,,Enabled
Search_Gros-Chantiers_Ardeche,,,,Etancheite,2.50,etancheite toiture,Exact,,,,,,,,,,,,,,,,,,,,,,,,Enabled
Search_Gros-Chantiers_Ardeche,,,,Etancheite,2.50,etancheite toit plat,Exact,,,,,,,,,,,,,,,,,,,,,,,,Enabled
Search_Gros-Chantiers_Ardeche,,,,Etancheite,2.50,etancheite toiture,Phrase,,,,,,,,,,,,,,,,,,,,,,,,Enabled
Search_Gros-Chantiers_Ardeche,,,,Etancheite,2.50,etancheite toit plat,Phrase,,,,,,,,,,,,,,,,,,,,,,,,Enabled
Search_Gros-Chantiers_Ardeche,,,,Etancheite,2.50,etancheite toit terrasse,Phrase,,,,,,,,,,,,,,,,,,,,,,,,Enabled
Search_Gros-Chantiers_Ardeche,,,,Etancheite,2.50,mise en etancheite toiture,Phrase,,,,,,,,,,,,,,,,,,,,,,,,Enabled
Search_Gros-Chantiers_Ardeche,,,,Etancheite,2.50,reparation etancheite toit,Phrase,,,,,,,,,,,,,,,,,,,,,,,,Enabled
Search_Gros-Chantiers_Ardeche,,,,Etancheite,2.50,infiltration toit terrasse,Phrase,,,,,,,,,,,,,,,,,,,,,,,,Enabled
Search_Marque_Ardeche,,,,Marque,0.50,debord renovation,Exact,,,,,,,,,,,,,,,,,,,,,,,,Enabled
Search_Marque_Ardeche,,,,Marque,0.50,renovation ardeche couvreur,Exact,,,,,,,,,,,,,,,,,,,,,,,,Enabled
Search_Marque_Ardeche,,,,Marque,0.50,debord renovation,Phrase,,,,,,,,,,,,,,,,,,,,,,,,Enabled
Search_Marque_Ardeche,,,,Marque,0.50,debord renovation ardeche,Phrase,,,,,,,,,,,,,,,,,,,,,,,,Enabled
Search_Urgence-Reparation_Ardeche,,,,Fuite toiture,,,,Responsive search ad,Reparation Fuite Toiture,Fuite de Toit ? On Repare,Recherche de Fuite Toiture,Couvreur Fuite Ardeche,Intervention Rapide,On Trouve l Origine,Infiltration Reparee,Reparation Durable,Devis Gratuit Sous 24 h,Artisan Couvreur Local,Garantie Decennale,Deplacement Gratuit,"Note 5,0 sur Google",Couvreur en Ardeche,Diagnostic Gratuit du Toit,Fuite active ou infiltration ? On trouve l origine reelle et on repare durablement.,"Couvreur artisan en Ardeche. Deplacement et devis gratuits, garantie decennale.","Appelez le 06 66 14 37 84 : diagnostic gratuit sur le toit, intervention rapide.","On repare le point d entree reel de l eau, pas seulement la tache au plafond.",https://renovation-ardeche.fr/reparation-fuite-toiture-ardeche,toiture,fuite,Enabled
Search_Urgence-Reparation_Ardeche,,,,Urgence couvreur,,,,Responsive search ad,Couvreur Urgence Ardeche,Intervention Rapide Toit,Depannage de Toiture,Couvreur Disponible,Urgence Toiture 07,On Securise Puis On Repare,"Appelez, On Repond",Toiture Securisee,Devis Gratuit Sous 24 h,Artisan Couvreur Local,Garantie Decennale,Deplacement Gratuit,"Note 5,0 sur Google",Couvreur en Ardeche,Diagnostic Gratuit du Toit,"Urgence toiture ? On securise d abord, puis on repare. Devis gratuit et detaille.","Couvreur artisan en Ardeche, intervention rapide. Deplacement et devis gratuits.",Appelez le 06 66 14 37 84 : on qualifie l urgence et on se deplace rapidement.,"Artisan local, garantie decennale. On repond et on intervient sans vous faire attendre.",https://renovation-ardeche.fr/reparation-fuite-toiture-ardeche,toiture,urgence,Enabled
Search_Urgence-Reparation_Ardeche,,,,Tempete,,,,Responsive search ad,Toiture Apres Tempete,Tuiles Envolees ? Appelez,Bachage et Securisation,Reparation Apres Tempete,Devis Pour Assurance,Intervention Rapide,Toiture Endommagee,On Securise Votre Toit,Devis Gratuit Sous 24 h,Artisan Couvreur Local,Garantie Decennale,Deplacement Gratuit,"Note 5,0 sur Google",Couvreur en Ardeche,Diagnostic Gratuit du Toit,"Tuiles envolees, toiture endommagee ? On securise puis on repare. Devis gratuit.",Devis detaille utilisable aupres de votre assurance. Artisan couvreur en Ardeche.,"Appelez le 06 66 14 37 84 : bachage, securisation et reparation de votre toiture.","Apres un episode cevenol, faites verifier votre toit. Diagnostic gratuit sur place.",https://renovation-ardeche.fr/reparation-fuite-toiture-ardeche,toiture,tempete,Enabled
Search_Entretien-Toiture_Ardeche,,,,Demoussage,,,,Responsive search ad,Demoussage de Toiture,Nettoyage Toiture Ardeche,Enlever la Mousse du Toit,Toiture Assainie,Demoussage Sans Pression,Traitement Anti Mousse,Devis Gratuit Demoussage,Toiture Comme Neuve,Devis Gratuit Sous 24 h,Artisan Couvreur Local,Garantie Decennale,Deplacement Gratuit,"Note 5,0 sur Google",Couvreur en Ardeche,Diagnostic Gratuit du Toit,"Mousses et lichens elimines, toiture assainie. Devis gratuit et sans engagement.",Grattage manuel et basse pression : on ne rend pas votre tuile poreuse.,Appelez le 06 66 14 37 84 pour un diagnostic gratuit de votre toiture.,"Artisan couvreur local en Ardeche. Deplacement gratuit, garantie decennale.",https://renovation-ardeche.fr/demoussage-toiture-ardeche,toiture,demoussage,Enabled
Search_Entretien-Toiture_Ardeche,,,,Hydrofuge tuile,,,,Responsive search ad,Hydrofuge de Toiture,Traitement des Tuiles,Hydrofuge Incolore ou Colore,Protegez Votre Toiture,L eau Perle et Glisse,Tuiles Protegees Longtemps,Devis Gratuit Hydrofuge,Traitement Toiture,Devis Gratuit Sous 24 h,Artisan Couvreur Local,Garantie Decennale,Deplacement Gratuit,"Note 5,0 sur Google",Couvreur en Ardeche,Diagnostic Gratuit du Toit,"Apres traitement, l eau perle et glisse au lieu de penetrer la tuile.","Hydrofuge incolore pour proteger, colore pour retrouver l aspect d origine.",Appelez le 06 66 14 37 84 : diagnostic et devis gratuits en Ardeche.,"Artisan couvreur local. Demoussage prealable puis hydrofuge, dans les regles.",https://renovation-ardeche.fr/hydrofuge-toiture-ardeche,toiture,hydrofuge,Enabled
Search_Entretien-Toiture_Ardeche,,,,Gouttiere,,,,Responsive search ad,Reparation Gouttiere,Gouttiere Qui Fuit ?,Pose de Gouttiere,Changement de Gouttiere,Zinguerie en Ardeche,Nettoyage Gouttieres,Gouttiere Zinc et Alu,Devis Gratuit Gouttiere,Devis Gratuit Sous 24 h,Artisan Couvreur Local,Garantie Decennale,Deplacement Gratuit,"Note 5,0 sur Google",Couvreur en Ardeche,Diagnostic Gratuit du Toit,"Reparation, remplacement et pose de gouttieres par un artisan local.",Gouttiere qui fuit ou arrachee ? On intervient vite. Devis gratuit.,Appelez le 06 66 14 37 84 : diagnostic gratuit et devis detaille.,"Zinguerie soignee en Ardeche. Deplacement gratuit, garantie decennale.",https://renovation-ardeche.fr/zinguerie-ardeche,toiture,gouttiere,Enabled
Search_Gros-Chantiers_Ardeche,,,,Renovation toiture,,,,Responsive search ad,Renovation de Toiture,Refaire Sa Toiture,Refection de Toiture,Devis Renovation Gratuit,Tuile Canal et Ardoise,Toiture Neuve Durable,Diagnostic Sur le Toit,Devis Clair et Detaille,Devis Gratuit Sous 24 h,Artisan Couvreur Local,Garantie Decennale,Deplacement Gratuit,"Note 5,0 sur Google",Couvreur en Ardeche,Diagnostic Gratuit du Toit,"Renovation complete de toiture : tuile canal, ardoise, lauze. Devis gratuit.","Du diagnostic a la garantie, un seul interlocuteur. Deplacement gratuit.",Appelez le 06 66 14 37 84 pour votre projet de renovation de toiture.,Artisan couvreur en Ardeche du Sud. Devis detaille et garantie decennale.,https://renovation-ardeche.fr/renovation-toiture-ardeche,toiture,renovation,Enabled
Search_Gros-Chantiers_Ardeche,,,,Etancheite,,,,Responsive search ad,Etancheite de Toiture,Mise en Etancheite,Etancheite Toit Plat,Toit Plat Qui Fuit ?,Reprise d Etancheite,Etancheite Toit Terrasse,Infiltration Reparee,Devis Gratuit Etancheite,Devis Gratuit Sous 24 h,Artisan Couvreur Local,Garantie Decennale,Deplacement Gratuit,"Note 5,0 sur Google",Couvreur en Ardeche,Diagnostic Gratuit du Toit,Mise en etancheite et reprise sur toits plats et terrasses. Fini les infiltrations.,Artisan couvreur en Ardeche : diagnostic sur place et devis gratuit.,Appelez le 06 66 14 37 84 pour un devis gratuit et sans engagement.,"Etancheite durable de votre toiture. Deplacement gratuit, garantie decennale.",https://renovation-ardeche.fr/etancheite-toit-plat-ardeche,toiture,etancheite,Enabled
Search_Marque_Ardeche,,,,Marque,,,,Responsive search ad,Debord Renovation,Couvreur en Ardeche,Renovation Ardeche,Devis Gratuit,Garantie Decennale,"Note 5,0 sur Google",Artisan Couvreur Local,Deplacement Gratuit,,,,,,,,"Debord Renovation, couvreur artisan en Ardeche du Sud. Devis gratuit.","Renovation, reparation, demoussage et zinguerie. Garantie decennale.",Appelez le 06 66 14 37 84. Deplacement et devis gratuits.,Artisan local en Ardeche du Sud. Diagnostic gratuit sur votre toiture.,https://renovation-ardeche.fr/,couvreur,ardeche,Enabled
