Customer ID,Campaign,Campaign Type,Budget,Bid Strategy Type,EU political ads,Annonces à caractère politique dans l'UE,Status
393-087-6448,Search_Fuite-Urgence_Sud-Ardeche,Search,10.00,Maximize clicks,,Non,Paused

Customer ID,Campaign,Ad Group,Status
393-087-6448,Search_Fuite-Urgence_Sud-Ardeche,Reparation-Fuite-Urgence,Enabled

Customer ID,Campaign,Ad Group,Keyword,Match Type,Status
393-087-6448,Search_Fuite-Urgence_Sud-Ardeche,Reparation-Fuite-Urgence,couvreur urgence,Exact,Enabled
393-087-6448,Search_Fuite-Urgence_Sud-Ardeche,Reparation-Fuite-Urgence,depannage toiture,Exact,Enabled
393-087-6448,Search_Fuite-Urgence_Sud-Ardeche,Reparation-Fuite-Urgence,fuite toit,Exact,Enabled
393-087-6448,Search_Fuite-Urgence_Sud-Ardeche,Reparation-Fuite-Urgence,fuite toiture,Exact,Enabled
393-087-6448,Search_Fuite-Urgence_Sud-Ardeche,Reparation-Fuite-Urgence,recherche de fuite toiture,Exact,Enabled
393-087-6448,Search_Fuite-Urgence_Sud-Ardeche,Reparation-Fuite-Urgence,reparation fuite toiture,Exact,Enabled
393-087-6448,Search_Fuite-Urgence_Sud-Ardeche,Reparation-Fuite-Urgence,reparation toiture tempete,Exact,Enabled
393-087-6448,Search_Fuite-Urgence_Sud-Ardeche,Reparation-Fuite-Urgence,bachage toiture,Phrase,Enabled
393-087-6448,Search_Fuite-Urgence_Sud-Ardeche,Reparation-Fuite-Urgence,couvreur en urgence,Phrase,Enabled
393-087-6448,Search_Fuite-Urgence_Sud-Ardeche,Reparation-Fuite-Urgence,couvreur rapide,Phrase,Enabled
393-087-6448,Search_Fuite-Urgence_Sud-Ardeche,Reparation-Fuite-Urgence,couvreur urgence,Phrase,Enabled
393-087-6448,Search_Fuite-Urgence_Sud-Ardeche,Reparation-Fuite-Urgence,couvreur urgence ardeche,Phrase,Enabled
393-087-6448,Search_Fuite-Urgence_Sud-Ardeche,Reparation-Fuite-Urgence,couvreur urgence aubenas,Phrase,Enabled
393-087-6448,Search_Fuite-Urgence_Sud-Ardeche,Reparation-Fuite-Urgence,couvreur urgence le teil,Phrase,Enabled
393-087-6448,Search_Fuite-Urgence_Sud-Ardeche,Reparation-Fuite-Urgence,couvreur urgence montelimar,Phrase,Enabled
393-087-6448,Search_Fuite-Urgence_Sud-Ardeche,Reparation-Fuite-Urgence,couvreur urgence privas,Phrase,Enabled
393-087-6448,Search_Fuite-Urgence_Sud-Ardeche,Reparation-Fuite-Urgence,degat des eaux toiture,Phrase,Enabled
393-087-6448,Search_Fuite-Urgence_Sud-Ardeche,Reparation-Fuite-Urgence,depannage toiture,Phrase,Enabled
393-087-6448,Search_Fuite-Urgence_Sud-Ardeche,Reparation-Fuite-Urgence,fuite toiture ardeche,Phrase,Enabled
393-087-6448,Search_Fuite-Urgence_Sud-Ardeche,Reparation-Fuite-Urgence,fuite toiture aubenas,Phrase,Enabled
393-087-6448,Search_Fuite-Urgence_Sud-Ardeche,Reparation-Fuite-Urgence,fuite toiture le teil,Phrase,Enabled
393-087-6448,Search_Fuite-Urgence_Sud-Ardeche,Reparation-Fuite-Urgence,fuite toiture maison,Phrase,Enabled
393-087-6448,Search_Fuite-Urgence_Sud-Ardeche,Reparation-Fuite-Urgence,fuite toiture montelimar,Phrase,Enabled
393-087-6448,Search_Fuite-Urgence_Sud-Ardeche,Reparation-Fuite-Urgence,fuite toiture privas,Phrase,Enabled
393-087-6448,Search_Fuite-Urgence_Sud-Ardeche,Reparation-Fuite-Urgence,infiltration eau toiture,Phrase,Enabled
393-087-6448,Search_Fuite-Urgence_Sud-Ardeche,Reparation-Fuite-Urgence,infiltration toiture,Phrase,Enabled
393-087-6448,Search_Fuite-Urgence_Sud-Ardeche,Reparation-Fuite-Urgence,intervention toiture urgence,Phrase,Enabled
393-087-6448,Search_Fuite-Urgence_Sud-Ardeche,Reparation-Fuite-Urgence,reparation fuite toiture,Phrase,Enabled
393-087-6448,Search_Fuite-Urgence_Sud-Ardeche,Reparation-Fuite-Urgence,reparation toiture tempete,Phrase,Enabled
393-087-6448,Search_Fuite-Urgence_Sud-Ardeche,Reparation-Fuite-Urgence,reparer fuite toiture,Phrase,Enabled
393-087-6448,Search_Fuite-Urgence_Sud-Ardeche,Reparation-Fuite-Urgence,toit qui fuit,Phrase,Enabled
393-087-6448,Search_Fuite-Urgence_Sud-Ardeche,Reparation-Fuite-Urgence,toiture endommagee tempete,Phrase,Enabled
393-087-6448,Search_Fuite-Urgence_Sud-Ardeche,Reparation-Fuite-Urgence,tuile cassee remplacement,Phrase,Enabled
393-087-6448,Search_Fuite-Urgence_Sud-Ardeche,Reparation-Fuite-Urgence,tuiles envolees,Phrase,Enabled

﻿﻿Customer ID,Campaign,Ad Group,Ad Type,Headline 1,Headline 2,Headline 3,Headline 4,Headline 5,Headline 6,Headline 7,Headline 8,Headline 9,Headline 10,Headline 11,Headline 12,Headline 13,Headline 14,Headline 15,Description 1,Description 2,Description 3,Description 4,Final URL,Path 1,Path 2,Status
393-087-6448,Search_Fuite-Urgence_Sud-Ardeche,Reparation-Fuite-Urgence,Responsive search ad,Réparation Fuite Toiture,Fuite de Toit ? On Répare,Recherche de Fuite Toiture,Couvreur Fuite Ardèche,Intervention Rapide,On Trouve l'Origine,Infiltration Réparée,Couvreur en Urgence,Devis Gratuit Sous 24 h,Artisan Couvreur Local,Garantie Décennale,Déplacement Gratuit,"Note 5,0 sur Google",Après Tempête : On Sécurise,Dépannage Toiture Rapide,Fuite active ou infiltration ? On trouve l'origine réelle et on répare durablement.,"Couvreur artisan en Ardèche. Déplacement et devis gratuits, garantie décennale.","Appelez le 06 66 14 37 84 : diagnostic gratuit sur le toit, intervention rapide.","On répare le point d'entrée réel de l'eau, pas seulement la tache au plafond.",https://renovation-ardeche.fr/reparation-fuite-toiture-ardeche,toiture,fuite,Enabled
